date_utc_from_id,date_ist,source,grid_preview_reviewed,individual_post_opened_this_audit,all_gallery_attachments_inspected,curated_inventory_entry
2026-09-12T14:52:32+00:00,2026-09-12,https://x.com/k7agar/status/2098786847241695591,yes,yes,,yes
2026-09-12T14:38:47+00:00,2026-09-12,https://x.com/k7agar/status/2098783385355444667,yes,yes,,yes
2026-09-09T18:14:31+00:00,2026-09-09,https://x.com/k7agar/status/2097750512187933138,yes,yes,,yes
2026-09-09T16:52:25+00:00,2026-09-09,https://x.com/k7agar/status/2097729854661894189,yes,yes,,yes
2026-09-09T16:27:13+00:00,2026-09-09,https://x.com/k7agar/status/2097723509363605996,yes,yes,,yes
2026-09-04T17:43:27+00:00,2026-09-04,https://x.com/k7agar/status/2095930757466472778,yes,no,,yes
2026-08-16T16:57:58+00:00,2026-08-16,https://x.com/k7agar/status/2089033941604814993,yes,no,,no
2026-08-12T06:00:14+00:00,2026-08-12,https://x.com/k7agar/status/2087418865152409637,yes,no,,no
2026-08-07T04:13:44+00:00,2026-08-07,https://x.com/k7agar/status/2085580125148704777,yes,yes,,yes
2026-08-06T15:50:42+00:00,2026-08-06,https://x.com/k7agar/status/2085393134314532955,yes,no,,no
2026-08-01T11:01:59+00:00,2026-08-01,https://x.com/k7agar/status/2083508536789930468,yes,no,,no
2026-07-31T06:59:16+00:00,2026-07-31,https://x.com/k7agar/status/2083085069099671871,yes,no,,no
2026-07-28T17:17:05+00:00,2026-07-28,https://x.com/k7agar/status/2082153382287184319,yes,no,,no
2026-07-08T11:04:38+00:00,2026-07-08,https://x.com/k7agar/status/2074811895132082618,yes,no,,no
2026-06-20T12:54:52+00:00,2026-06-20,https://x.com/k7agar/status/2068316655789494727,yes,no,,no
2026-06-15T19:48:01+00:00,2026-06-16,https://x.com/k7agar/status/2066608688497152275,yes,no,,no
2026-05-08T00:46:04+00:00,2026-05-08,https://x.com/k7agar/status/2052550568355520542,yes,yes,,yes
2026-05-04T19:15:36+00:00,2026-05-05,https://x.com/k7agar/status/2051380237322309666,yes,no,,no
2026-05-03T17:32:14+00:00,2026-05-03,https://x.com/k7agar/status/2050991839080251747,yes,no,,yes
2026-05-02T16:49:36+00:00,2026-05-02,https://x.com/k7agar/status/2050618723149693051,yes,no,,no
2026-04-29T16:50:09+00:00,2026-04-29,https://x.com/k7agar/status/2049531696350171356,yes,no,,no
2026-04-23T08:04:44+00:00,2026-04-23,https://x.com/k7agar/status/2047225144314351912,yes,yes,,yes
2026-04-21T14:49:57+00:00,2026-04-21,https://x.com/k7agar/status/2046602345610723711,yes,no,,no
2026-04-18T07:40:43+00:00,2026-04-18,https://x.com/k7agar/status/2045407159304007921,yes,no,,no
2026-04-11T14:54:45+00:00,2026-04-11,https://x.com/k7agar/status/2042979671328068096,yes,yes,,yes
2026-04-11T14:51:10+00:00,2026-04-11,https://x.com/k7agar/status/2042978771872157918,yes,yes,,yes
2026-04-07T18:34:04+00:00,2026-04-08,https://x.com/k7agar/status/2041585312896577653,yes,no,,no
2026-04-07T14:13:45+00:00,2026-04-07,https://x.com/k7agar/status/2041519803001876503,yes,no,,no
2026-04-01T13:56:53+00:00,2026-04-01,https://x.com/k7agar/status/2039341230405079437,yes,no,,no
2026-03-30T11:36:48+00:00,2026-03-30,https://x.com/k7agar/status/2038581202135990305,yes,no,,no
2026-03-29T12:59:38+00:00,2026-03-29,https://x.com/k7agar/status/2038239660825313786,yes,yes,2,yes
2026-03-29T12:23:26+00:00,2026-03-29,https://x.com/k7agar/status/2038230552353112551,yes,no,,no
2026-03-26T16:29:53+00:00,2026-03-26,https://x.com/k7agar/status/2037205410508394872,yes,no,,no
2026-03-15T05:29:49+00:00,2026-03-15,https://x.com/k7agar/status/2033053032724967560,yes,no,,no
2026-03-10T13:31:39+00:00,2026-03-10,https://x.com/k7agar/status/2031362349731569912,yes,no,,no
2026-03-07T05:44:34+00:00,2026-03-07,https://x.com/k7agar/status/2030157638814814393,yes,no,,no
2026-03-06T13:52:43+00:00,2026-03-06,https://x.com/k7agar/status/2029918099605266480,yes,no,,no
2026-02-25T17:36:11+00:00,2026-02-25,https://x.com/k7agar/status/2026712845992472977,yes,yes,,yes
2026-02-24T12:43:08+00:00,2026-02-24,https://x.com/k7agar/status/2026276710954791119,yes,no,,no
2026-02-20T16:04:55+00:00,2026-02-20,https://x.com/k7agar/status/2024877936231534756,yes,no,,no
2026-02-19T16:20:46+00:00,2026-02-19,https://x.com/k7agar/status/2024519540663865345,yes,yes,,yes
2026-02-19T15:48:46+00:00,2026-02-19,https://x.com/k7agar/status/2024511486417383556,yes,no,,no
2026-02-18T07:25:08+00:00,2026-02-18,https://x.com/k7agar/status/2024022355253883242,yes,no,,no
2026-02-12T09:28:25+00:00,2026-02-12,https://x.com/k7agar/status/2021879050768445844,yes,no,,no
2026-02-09T16:55:26+00:00,2026-02-09,https://x.com/k7agar/status/2020904383937122503,yes,no,,no
2026-02-08T11:37:07+00:00,2026-02-08,https://x.com/k7agar/status/2020461889440866372,yes,no,,no
2026-02-07T10:13:05+00:00,2026-02-07,https://x.com/k7agar/status/2020078355559903633,yes,no,,no
2026-02-03T05:34:39+00:00,2026-02-03,https://x.com/k7agar/status/2018558733333532982,yes,yes,,yes
2026-02-01T12:08:32+00:00,2026-02-01,https://x.com/k7agar/status/2017933082393993701,yes,no,,no
2026-01-30T11:21:18+00:00,2026-01-30,https://x.com/k7agar/status/2017196420152058320,yes,no,,no
2026-01-30T07:41:46+00:00,2026-01-30,https://x.com/k7agar/status/2017141169944482209,yes,yes,,yes
2026-01-28T06:44:24+00:00,2026-01-28,https://x.com/k7agar/status/2016401958895284224,yes,no,,no
2026-01-28T04:21:43+00:00,2026-01-28,https://x.com/k7agar/status/2016366049206403389,yes,yes,,yes
2026-01-27T17:37:48+00:00,2026-01-27,https://x.com/k7agar/status/2016204003974271090,yes,yes,,yes
2026-01-24T15:28:21+00:00,2026-01-24,https://x.com/k7agar/status/2015084264833052690,yes,no,,no
2026-01-23T06:20:55+00:00,2026-01-23,https://x.com/k7agar/status/2014584110619230316,yes,no,,no
2026-01-22T15:35:10+00:00,2026-01-22,https://x.com/k7agar/status/2014361201929793654,yes,no,,no
2026-01-21T11:46:55+00:00,2026-01-21,https://x.com/k7agar/status/2013941375427825936,yes,no,,no
2026-01-20T06:13:56+00:00,2026-01-20,https://x.com/k7agar/status/2013495190204403849,yes,no,,no
2026-01-18T17:01:50+00:00,2026-01-18,https://x.com/k7agar/status/2012933463762972778,yes,no,,no
2026-01-17T18:19:54+00:00,2026-01-17,https://x.com/k7agar/status/2012590721472348311,yes,no,,no
2026-01-14T10:04:27+00:00,2026-01-14,https://x.com/k7agar/status/2011378873574011006,yes,no,,no
2026-01-13T08:05:46+00:00,2026-01-13,https://x.com/k7agar/status/2010986618463899691,yes,no,,no
2026-01-13T08:03:13+00:00,2026-01-13,https://x.com/k7agar/status/2010985976827662807,yes,no,,no
2026-01-09T10:08:52+00:00,2026-01-09,https://x.com/k7agar/status/2009568045912694800,yes,no,,no
2026-01-07T08:03:38+00:00,2026-01-07,https://x.com/k7agar/status/2008811752256139735,yes,no,,no
2026-01-05T12:44:13+00:00,2026-01-05,https://x.com/k7agar/status/2008157588735869290,yes,no,,no
2026-01-02T12:11:43+00:00,2026-01-02,https://x.com/k7agar/status/2007062246732841308,yes,no,,no
2026-01-02T12:10:28+00:00,2026-01-02,https://x.com/k7agar/status/2007061933200158852,yes,no,,no
2026-01-02T11:37:00+00:00,2026-01-02,https://x.com/k7agar/status/2007053509905309906,yes,no,,no
2026-01-01T15:35:37+00:00,2026-01-01,https://x.com/k7agar/status/2006751173001478326,yes,no,,no
2026-01-01T13:20:01+00:00,2026-01-01,https://x.com/k7agar/status/2006717046529339586,yes,no,,no
2025-12-29T16:00:17+00:00,2025-12-29,https://x.com/k7agar/status/2005670215896682792,yes,no,,no
2025-12-17T05:58:01+00:00,2025-12-17,https://x.com/k7agar/status/2001169994043023839,yes,no,,no
2025-12-16T16:00:17+00:00,2025-12-16,https://x.com/k7agar/status/2000959173463564309,yes,no,,no
2025-12-16T15:52:13+00:00,2025-12-16,https://x.com/k7agar/status/2000957144414494806,yes,no,,no
2025-12-14T16:50:39+00:00,2025-12-14,https://x.com/k7agar/status/2000247073560727796,yes,no,,no
2025-12-14T11:56:23+00:00,2025-12-14,https://x.com/k7agar/status/2000173019503996952,yes,yes,,yes
2025-12-10T19:21:23+00:00,2025-12-11,https://x.com/k7agar/status/1998835452535767360,yes,no,,no
2025-12-08T06:08:16+00:00,2025-12-08,https://x.com/k7agar/status/1997911085962375635,yes,no,,no
2025-12-04T06:31:31+00:00,2025-12-04,https://x.com/k7agar/status/1996467384627146928,yes,no,,no
2025-12-03T12:28:04+00:00,2025-12-03,https://x.com/k7agar/status/1996194722856247792,yes,yes,,yes
2025-12-03T08:53:42+00:00,2025-12-03,https://x.com/k7agar/status/1996140777681146202,yes,no,,no
2025-12-01T11:22:24+00:00,2025-12-01,https://x.com/k7agar/status/1995453424549126640,yes,no,,no
2025-12-01T11:21:56+00:00,2025-12-01,https://x.com/k7agar/status/1995453304487252469,yes,no,,no
2025-12-01T11:19:26+00:00,2025-12-01,https://x.com/k7agar/status/1995452678302777775,yes,no,,no
2025-12-01T11:19:09+00:00,2025-12-01,https://x.com/k7agar/status/1995452605351240109,yes,no,,no
2025-12-01T06:15:41+00:00,2025-12-01,https://x.com/k7agar/status/1995376234772181013,yes,no,,no
2025-12-01T03:37:33+00:00,2025-12-01,https://x.com/k7agar/status/1995336439685624304,yes,no,,no
2025-11-27T10:07:14+00:00,2025-11-27,https://x.com/k7agar/status/1993984953806410102,yes,no,,no
2025-11-27T07:21:59+00:00,2025-11-27,https://x.com/k7agar/status/1993943367215140897,yes,no,,no
2025-11-25T17:35:48+00:00,2025-11-25,https://x.com/k7agar/status/1993373065452175543,yes,no,,no
2025-11-25T16:51:22+00:00,2025-11-25,https://x.com/k7agar/status/1993361882615603561,yes,no,,no
2025-11-25T06:07:25+00:00,2025-11-25,https://x.com/k7agar/status/1993199828005011540,yes,no,,no
2025-11-24T05:33:45+00:00,2025-11-24,https://x.com/k7agar/status/1992828968375037989,yes,no,,no
2025-11-21T03:49:41+00:00,2025-11-21,https://x.com/k7agar/status/1991715616022229093,yes,no,,no
2025-11-20T20:02:11+00:00,2025-11-21,https://x.com/k7agar/status/1991597963190366308,yes,yes,,yes
2025-11-20T19:47:59+00:00,2025-11-21,https://x.com/k7agar/status/1991594389706277358,yes,yes,,yes
2025-11-20T13:17:59+00:00,2025-11-20,https://x.com/k7agar/status/1991496243558977891,yes,yes,,yes
2025-11-18T03:01:02+00:00,2025-11-18,https://x.com/k7agar/status/1990616206106300922,yes,no,,no
2025-11-18T02:55:11+00:00,2025-11-18,https://x.com/k7agar/status/1990614734077579538,yes,yes,,yes
2025-11-18T02:46:40+00:00,2025-11-18,https://x.com/k7agar/status/1990612592600232343,yes,no,,no
2025-11-18T02:45:42+00:00,2025-11-18,https://x.com/k7agar/status/1990612347774525448,yes,no,,no
2025-11-16T10:52:53+00:00,2025-11-16,https://x.com/k7agar/status/1990010178981580810,yes,no,,no
2025-11-15T15:54:14+00:00,2025-11-15,https://x.com/k7agar/status/1989723627508408435,yes,no,,no
2025-11-15T14:34:12+00:00,2025-11-15,https://x.com/k7agar/status/1989703487547146467,yes,no,,no
2025-11-12T16:45:09+00:00,2025-11-12,https://x.com/k7agar/status/1988649278596870623,yes,yes,,yes
2025-11-10T08:46:08+00:00,2025-11-10,https://x.com/k7agar/status/1987803953158033641,yes,yes,2,yes
2025-11-09T16:12:22+00:00,2025-11-09,https://x.com/k7agar/status/1987553861209583680,yes,no,,no
2025-11-09T10:28:02+00:00,2025-11-09,https://x.com/k7agar/status/1987467207287468185,yes,no,,no
2025-11-07T16:46:02+00:00,2025-11-07,https://x.com/k7agar/status/1986837557506941253,yes,yes,,yes
2025-11-06T09:55:22+00:00,2025-11-06,https://x.com/k7agar/status/1986371824943571193,yes,no,,no
2025-11-05T08:18:37+00:00,2025-11-05,https://x.com/k7agar/status/1985985086769275073,yes,no,,no
2025-10-29T19:00:36+00:00,2025-10-30,https://x.com/k7agar/status/1983609932135145647,yes,yes,,yes
2025-10-29T06:28:29+00:00,2025-10-29,https://x.com/k7agar/status/1983420656973930977,yes,yes,,yes
2025-10-26T15:20:15+00:00,2025-10-26,https://x.com/k7agar/status/1982467315674579188,yes,yes,4,yes
2025-10-25T03:08:42+00:00,2025-10-25,https://x.com/k7agar/status/1981920827944910865,yes,no,,no
2025-10-24T13:56:17+00:00,2025-10-24,https://x.com/k7agar/status/1981721410947919890,yes,no,,no
2025-10-23T12:02:30+00:00,2025-10-23,https://x.com/k7agar/status/1981330389466828965,yes,no,,no
2025-10-23T11:16:47+00:00,2025-10-23,https://x.com/k7agar/status/1981318884130247167,yes,yes,,yes
2025-10-22T11:49:31+00:00,2025-10-22,https://x.com/k7agar/status/1980964732581658667,yes,no,,no
2025-10-21T04:52:23+00:00,2025-10-21,https://x.com/k7agar/status/1980497370648572233,yes,no,,no
2025-10-20T13:21:34+00:00,2025-10-20,https://x.com/k7agar/status/1980263123840848181,yes,no,,no
2025-10-19T16:52:30+00:00,2025-10-19,https://x.com/k7agar/status/1979953817866170531,yes,no,,no
2025-10-15T16:42:22+00:00,2025-10-15,https://x.com/k7agar/status/1978501714673062134,yes,no,,no
2025-10-13T07:16:16+00:00,2025-10-13,https://x.com/k7agar/status/1977634474931466280,yes,no,,no
2025-10-10T05:49:02+00:00,2025-10-10,https://x.com/k7agar/status/1976525361287446736,yes,no,,no
2025-10-06T15:54:53+00:00,2025-10-06,https://x.com/k7agar/status/1975228274969280918,yes,no,,no
2025-10-05T15:43:26+00:00,2025-10-05,https://x.com/k7agar/status/1974863005541343479,yes,no,,no
2025-09-27T17:55:20+00:00,2025-09-27,https://x.com/k7agar/status/1971997097101873482,yes,no,,no
2025-09-27T14:49:25+00:00,2025-09-27,https://x.com/k7agar/status/1971950310936686686,yes,yes,2,yes
2025-09-27T06:18:18+00:00,2025-09-27,https://x.com/k7agar/status/1971821681997177021,yes,no,,no
2025-09-27T06:11:30+00:00,2025-09-27,https://x.com/k7agar/status/1971819970473718209,yes,no,,no
2025-09-26T14:20:27+00:00,2025-09-26,https://x.com/k7agar/status/1971580632926138804,yes,no,,no
2025-09-26T14:12:08+00:00,2025-09-26,https://x.com/k7agar/status/1971578537686777986,yes,yes,,yes
2025-09-23T11:57:02+00:00,2025-09-23,https://x.com/k7agar/status/1970457374877196672,yes,no,,no
2025-09-21T14:28:23+00:00,2025-09-21,https://x.com/k7agar/status/1969770687121568201,yes,yes,,yes
2025-09-18T08:13:32+00:00,2025-09-18,https://x.com/k7agar/status/1968589189382823983,yes,no,,no
2025-09-17T18:46:25+00:00,2025-09-18,https://x.com/k7agar/status/1968386074272743691,yes,no,,no
2025-09-17T07:40:06+00:00,2025-09-17,https://x.com/k7agar/status/1968218390654496800,yes,no,,no
2025-09-13T06:37:46+00:00,2025-09-13,https://x.com/k7agar/status/1966753150200840259,yes,no,,no
2025-09-12T18:35:11+00:00,2025-09-13,https://x.com/k7agar/status/1966571307623239944,yes,yes,,yes
2025-09-05T06:35:05+00:00,2025-09-05,https://x.com/k7agar/status/1963853374836588640,yes,no,,no
2025-09-04T17:08:46+00:00,2025-09-04,https://x.com/k7agar/status/1963650457169269119,yes,no,,no
2025-09-02T08:18:06+00:00,2025-09-02,https://x.com/k7agar/status/1962792133490024731,yes,no,,no
2025-09-01T13:23:34+00:00,2025-09-01,https://x.com/k7agar/status/1962506619209871673,yes,no,,no
2025-09-01T07:34:30+00:00,2025-09-01,https://x.com/k7agar/status/1962418776638697587,yes,no,,no
2025-08-30T18:43:50+00:00,2025-08-31,https://x.com/k7agar/status/1961862442210005406,yes,no,,no
2025-08-26T16:26:06+00:00,2025-08-26,https://x.com/k7agar/status/1960378227559366983,yes,no,,no
2025-08-23T23:57:13+00:00,2025-08-24,https://x.com/k7agar/status/1959404593336770806,yes,yes,3,yes
2025-08-22T18:44:04+00:00,2025-08-23,https://x.com/k7agar/status/1958963396792950933,yes,no,,no
2025-08-21T07:02:56+00:00,2025-08-21,https://x.com/k7agar/status/1958424562057814225,yes,no,,no
2025-08-17T09:54:07+00:00,2025-08-17,https://x.com/k7agar/status/1957018092724224484,yes,yes,,yes
2025-08-14T15:04:09+00:00,2025-08-14,https://x.com/k7agar/status/1956008953080594446,yes,no,,no
2025-08-07T06:58:29+00:00,2025-08-07,https://x.com/k7agar/status/1953350012110311639,yes,no,,no
2025-08-06T16:48:09+00:00,2025-08-06,https://x.com/k7agar/status/1953136019814879339,yes,no,,no
2025-07-19T08:33:21+00:00,2025-07-19,https://x.com/k7agar/status/1946488519675072782,yes,no,,no
2025-07-14T13:22:43+00:00,2025-07-14,https://x.com/k7agar/status/1944749401181679921,yes,no,,no
2025-07-10T14:25:22+00:00,2025-07-10,https://x.com/k7agar/status/1943315616964005951,yes,no,,no
2025-07-10T08:16:58+00:00,2025-07-10,https://x.com/k7agar/status/1943222902830317920,yes,no,,no
2025-07-06T09:12:48+00:00,2025-07-06,https://x.com/k7agar/status/1941787406153519114,yes,no,,no
2025-07-05T10:07:05+00:00,2025-07-05,https://x.com/k7agar/status/1941438678309667318,yes,no,,no
2025-07-05T08:09:07+00:00,2025-07-05,https://x.com/k7agar/status/1941408990019322192,yes,no,,no
2025-07-04T14:41:58+00:00,2025-07-04,https://x.com/k7agar/status/1941145467251015963,yes,no,,no
2025-07-03T18:57:42+00:00,2025-07-04,https://x.com/k7agar/status/1940847436769251616,yes,no,,no
2025-07-03T12:18:37+00:00,2025-07-03,https://x.com/k7agar/status/1940747004482932921,yes,no,,no
2025-07-01T11:17:09+00:00,2025-07-01,https://x.com/k7agar/status/1940006758006890642,yes,no,,no
2025-07-01T07:16:42+00:00,2025-07-01,https://x.com/k7agar/status/1939946247248334950,yes,no,,no
2025-06-29T18:14:10+00:00,2025-06-29,https://x.com/k7agar/status/1939386929239449984,yes,no,,no
2025-06-29T12:04:41+00:00,2025-06-29,https://x.com/k7agar/status/1939293943533052143,yes,yes,,yes
2025-06-28T14:41:57+00:00,2025-06-28,https://x.com/k7agar/status/1938971132897759469,yes,yes,,yes
2025-06-24T08:21:51+00:00,2025-06-24,https://x.com/k7agar/status/1937425926918488417,yes,no,,no
2025-06-23T21:28:07+00:00,2025-06-24,https://x.com/k7agar/status/1937261410519777757,yes,no,,no
2025-06-23T21:20:37+00:00,2025-06-24,https://x.com/k7agar/status/1937259521413706117,yes,no,,no
2025-06-23T19:19:33+00:00,2025-06-24,https://x.com/k7agar/status/1937229057734934695,yes,no,,no
2025-06-22T13:55:29+00:00,2025-06-22,https://x.com/k7agar/status/1936785112802443430,yes,no,,no
2025-06-20T20:09:05+00:00,2025-06-21,https://x.com/k7agar/status/1936154358812708968,yes,yes,,yes
2025-06-20T16:51:22+00:00,2025-06-20,https://x.com/k7agar/status/1936104602308690148,yes,yes,,yes
2025-06-20T15:28:51+00:00,2025-06-20,https://x.com/k7agar/status/1936083832434049367,yes,yes,,yes
2025-06-19T10:12:28+00:00,2025-06-19,https://x.com/k7agar/status/1935641826062700950,yes,no,,no
2025-06-19T06:57:09+00:00,2025-06-19,https://x.com/k7agar/status/1935592672674332782,yes,yes,,yes
2025-06-16T12:59:02+00:00,2025-06-16,https://x.com/k7agar/status/1934596578473603328,yes,no,,no
2025-06-16T09:55:58+00:00,2025-06-16,https://x.com/k7agar/status/1934550511497453657,yes,no,,no
2025-06-16T09:10:44+00:00,2025-06-16,https://x.com/k7agar/status/1934539127590211767,yes,no,,no
2025-06-16T09:05:06+00:00,2025-06-16,https://x.com/k7agar/status/1934537711110758518,yes,no,,no
2025-06-16T09:01:39+00:00,2025-06-16,https://x.com/k7agar/status/1934536840549413373,yes,yes,,yes
2025-06-16T08:49:28+00:00,2025-06-16,https://x.com/k7agar/status/1934533775830208648,yes,no,,no
2025-06-15T07:34:22+00:00,2025-06-15,https://x.com/k7agar/status/1934152487537381591,yes,no,,no
2025-06-14T15:03:05+00:00,2025-06-14,https://x.com/k7agar/status/1933903024419901510,yes,yes,,yes
2025-06-13T16:08:17+00:00,2025-06-13,https://x.com/k7agar/status/1933557045137191296,yes,no,,no
2025-06-12T10:48:21+00:00,2025-06-12,https://x.com/k7agar/status/1933114141717438791,yes,no,,no
2025-06-10T14:01:30+00:00,2025-06-10,https://x.com/k7agar/status/1932437974773555667,yes,no,,no
2025-06-10T11:23:58+00:00,2025-06-10,https://x.com/k7agar/status/1932398330879086974,yes,no,,no
2025-06-10T09:46:40+00:00,2025-06-10,https://x.com/k7agar/status/1932373840837124522,yes,no,,no
2025-06-10T09:37:49+00:00,2025-06-10,https://x.com/k7agar/status/1932371614466986354,yes,no,,no
2025-06-10T09:31:54+00:00,2025-06-10,https://x.com/k7agar/status/1932370126038499388,yes,no,,no
2025-06-09T15:50:42+00:00,2025-06-09,https://x.com/k7agar/status/1932103068021317857,yes,yes,,yes
2025-06-09T15:25:29+00:00,2025-06-09,https://x.com/k7agar/status/1932096721536081926,yes,yes,,yes
2025-06-09T09:35:49+00:00,2025-06-09,https://x.com/k7agar/status/1932008725948318110,yes,no,,no
2025-06-09T08:20:35+00:00,2025-06-09,https://x.com/k7agar/status/1931989791677255820,yes,no,,no
2025-06-08T22:44:51+00:00,2025-06-09,https://x.com/k7agar/status/1931844904961151468,yes,no,,no
2025-06-08T22:38:01+00:00,2025-06-09,https://x.com/k7agar/status/1931843183241224696,yes,no,,no
2025-06-08T22:34:42+00:00,2025-06-09,https://x.com/k7agar/status/1931842350533542035,yes,no,,no
2025-06-08T22:25:06+00:00,2025-06-09,https://x.com/k7agar/status/1931839933859409966,yes,no,,no
2025-06-08T22:20:44+00:00,2025-06-09,https://x.com/k7agar/status/1931838835388031211,yes,yes,,yes
2025-06-08T22:11:51+00:00,2025-06-09,https://x.com/k7agar/status/1931836598762848279,yes,no,,no
2025-06-08T21:58:50+00:00,2025-06-09,https://x.com/k7agar/status/1931833323988664646,yes,yes,,yes
2025-06-08T21:45:56+00:00,2025-06-09,https://x.com/k7agar/status/1931830077823844628,yes,no,,no
2025-06-08T12:38:43+00:00,2025-06-08,https://x.com/k7agar/status/1931692362579034299,yes,no,,no
2025-06-07T13:53:10+00:00,2025-06-07,https://x.com/k7agar/status/1931348710958731345,yes,no,,no
2025-06-06T14:21:28+00:00,2025-06-06,https://x.com/k7agar/status/1930993445176586414,yes,no,,no
2025-06-05T21:46:00+00:00,2025-06-06,https://x.com/k7agar/status/1930742927602634808,yes,no,,no
2025-06-04T13:00:53+00:00,2025-06-04,https://x.com/k7agar/status/1930248389943275865,yes,no,,no
2025-06-04T12:21:02+00:00,2025-06-04,https://x.com/k7agar/status/1930238364998832435,yes,yes,,yes
2025-06-04T12:17:14+00:00,2025-06-04,https://x.com/k7agar/status/1930237406936027512,yes,no,,no
2025-06-04T10:26:45+00:00,2025-06-04,https://x.com/k7agar/status/1930209603947556942,yes,yes,,yes
2025-06-04T06:52:15+00:00,2025-06-04,https://x.com/k7agar/status/1930155620398756241,yes,no,,no
2025-06-03T06:32:40+00:00,2025-06-03,https://x.com/k7agar/status/1929788304355909901,yes,no,,no
2025-06-02T10:49:13+00:00,2025-06-02,https://x.com/k7agar/status/1929490482943467860,yes,no,,no
2025-06-01T21:41:34+00:00,2025-06-02,https://x.com/k7agar/status/1929292264020287544,yes,yes,,yes
2025-06-01T21:36:12+00:00,2025-06-02,https://x.com/k7agar/status/1929290912745607376,yes,yes,,yes
2025-06-01T21:11:19+00:00,2025-06-02,https://x.com/k7agar/status/1929284647621468534,yes,yes,,yes
2025-05-31T17:12:12+00:00,2025-05-31,https://x.com/k7agar/status/1928862085774991827,yes,no,,no
2025-05-29T19:53:06+00:00,2025-05-30,https://x.com/k7agar/status/1928177801410027723,yes,no,,no
2025-05-29T18:28:30+00:00,2025-05-29,https://x.com/k7agar/status/1928156512557342973,yes,yes,,yes
2025-05-25T09:08:50+00:00,2025-05-25,https://x.com/k7agar/status/1926566113644540115,yes,no,,no
2025-05-25T06:43:39+00:00,2025-05-25,https://x.com/k7agar/status/1926529577263788414,yes,no,,no
2025-05-25T06:35:46+00:00,2025-05-25,https://x.com/k7agar/status/1926527597015347299,yes,no,,no
2025-05-15T12:49:56+00:00,2025-05-15,https://x.com/k7agar/status/1922997877426532630,yes,no,,no
2025-05-15T12:43:48+00:00,2025-05-15,https://x.com/k7agar/status/1922996333511610866,yes,yes,,yes
2025-05-15T07:58:13+00:00,2025-05-15,https://x.com/k7agar/status/1922924466725613667,yes,no,,no
2025-05-12T18:30:28+00:00,2025-05-13,https://x.com/k7agar/status/1921996414600568937,yes,no,,no
2025-05-12T17:57:32+00:00,2025-05-12,https://x.com/k7agar/status/1921988126286790761,yes,yes,,yes
2025-05-12T15:39:47+00:00,2025-05-12,https://x.com/k7agar/status/1921953459592470554,yes,no,,no
2025-05-12T15:29:14+00:00,2025-05-12,https://x.com/k7agar/status/1921950803813683642,yes,yes,,yes
2025-05-10T06:24:42+00:00,2025-05-10,https://x.com/k7agar/status/1921088990154781119,yes,yes,,yes
2025-05-09T22:00:49+00:00,2025-05-10,https://x.com/k7agar/status/1920962185628438850,yes,yes,,yes
2025-05-09T19:13:21+00:00,2025-05-10,https://x.com/k7agar/status/1920920040901058941,yes,no,,no
2025-05-09T16:02:21+00:00,2025-05-09,https://x.com/k7agar/status/1920871975443976615,yes,no,,no
2025-05-09T14:56:01+00:00,2025-05-09,https://x.com/k7agar/status/1920855279685525740,yes,no,,no
2025-05-09T14:49:19+00:00,2025-05-09,https://x.com/k7agar/status/1920853597287288905,yes,no,,no
2025-05-05T21:35:55+00:00,2025-05-06,https://x.com/k7agar/status/1919506368144248983,yes,no,,no
2025-05-05T10:42:54+00:00,2025-05-05,https://x.com/k7agar/status/1919342030905372807,yes,no,,no
2025-05-01T14:19:03+00:00,2025-05-01,https://x.com/k7agar/status/1917946876407566514,yes,no,,no
2025-05-01T14:15:27+00:00,2025-05-01,https://x.com/k7agar/status/1917945967711490328,yes,no,,no
2025-05-01T10:02:22+00:00,2025-05-01,https://x.com/k7agar/status/1917882279487025314,yes,no,,no
2025-05-01T09:43:21+00:00,2025-05-01,https://x.com/k7agar/status/1917877494146797597,yes,no,,no
2025-05-01T09:24:08+00:00,2025-05-01,https://x.com/k7agar/status/1917872655287681179,yes,no,,no
2025-04-24T14:42:25+00:00,2025-04-24,https://x.com/k7agar/status/1915416042123219427,yes,no,,no
2025-04-24T13:21:04+00:00,2025-04-24,https://x.com/k7agar/status/1915395569981288796,yes,no,,no
2025-04-24T09:30:04+00:00,2025-04-24,https://x.com/k7agar/status/1915337434038178087,yes,no,,no
2025-04-22T13:19:40+00:00,2025-04-22,https://x.com/k7agar/status/1914670440003272889,yes,no,,no
2025-04-18T17:20:49+00:00,2025-04-18,https://x.com/k7agar/status/1913281574230958458,yes,no,,no
2025-04-16T15:23:16+00:00,2025-04-16,https://x.com/k7agar/status/1912527219504652488,yes,no,,no
2025-04-16T14:58:41+00:00,2025-04-16,https://x.com/k7agar/status/1912521030263853107,yes,no,,no
2025-04-15T08:28:53+00:00,2025-04-15,https://x.com/k7agar/status/1912060546490515523,yes,no,,no
2025-04-14T14:27:30+00:00,2025-04-14,https://x.com/k7agar/status/1911788407459655731,yes,no,,no
2025-04-14T13:20:08+00:00,2025-04-14,https://x.com/k7agar/status/1911771456062566637,yes,no,,no
2025-04-14T05:35:30+00:00,2025-04-14,https://x.com/k7agar/status/1911654525972488205,yes,yes,,yes
2025-04-12T11:01:10+00:00,2025-04-12,https://x.com/k7agar/status/1911011707335360743,yes,no,,no
2025-04-12T08:08:13+00:00,2025-04-12,https://x.com/k7agar/status/1910968184725000628,yes,no,,no
2025-04-11T14:25:20+00:00,2025-04-11,https://x.com/k7agar/status/1910700701350580232,yes,no,,no
2025-04-10T13:55:13+00:00,2025-04-10,https://x.com/k7agar/status/1910330732024594910,yes,no,,no
2025-04-10T11:23:10+00:00,2025-04-10,https://x.com/k7agar/status/1910292467783544882,yes,yes,,yes
2025-04-07T19:24:38+00:00,2025-04-08,https://x.com/k7agar/status/1909326468133351883,yes,no,,no
2025-04-07T15:38:58+00:00,2025-04-07,https://x.com/k7agar/status/1909269677706015114,yes,no,,no
2025-04-07T15:16:28+00:00,2025-04-07,https://x.com/k7agar/status/1909264016121168283,yes,yes,,yes
2025-04-07T09:10:09+00:00,2025-04-07,https://x.com/k7agar/status/1909171831539736800,yes,no,,no
2025-04-05T10:13:17+00:00,2025-04-05,https://x.com/k7agar/status/1908462941352980818,yes,yes,,yes
2025-04-04T16:39:54+00:00,2025-04-04,https://x.com/k7agar/status/1908197847104647168,yes,no,,no
2025-04-04T15:58:25+00:00,2025-04-04,https://x.com/k7agar/status/1908187411269419263,yes,no,,no
2025-03-31T18:52:38+00:00,2025-04-01,https://x.com/k7agar/status/1906781699259936954,yes,no,,no
2025-03-31T15:58:14+00:00,2025-03-31,https://x.com/k7agar/status/1906737810427847028,yes,no,,no
2025-03-31T15:54:51+00:00,2025-03-31,https://x.com/k7agar/status/1906736958447178131,yes,no,,no
2025-03-31T12:25:38+00:00,2025-03-31,https://x.com/k7agar/status/1906684309307552074,yes,no,,no
2025-03-31T09:35:26+00:00,2025-03-31,https://x.com/k7agar/status/1906641479008981024,yes,no,,no
2025-03-31T09:11:51+00:00,2025-03-31,https://x.com/k7agar/status/1906635543565230218,yes,no,,no
2025-03-31T08:50:49+00:00,2025-03-31,https://x.com/k7agar/status/1906630247401009635,yes,no,,no
2025-03-30T04:50:45+00:00,2025-03-30,https://x.com/k7agar/status/1906207445544054863,yes,no,,no
2025-03-27T13:24:30+00:00,2025-03-27,https://x.com/k7agar/status/1905249572408218028,yes,no,,no
2025-03-26T19:30:24+00:00,2025-03-27,https://x.com/k7agar/status/1904979266833641615,yes,no,,no
2025-03-26T19:09:41+00:00,2025-03-27,https://x.com/k7agar/status/1904974052500054184,yes,no,,no
2025-03-26T19:03:32+00:00,2025-03-27,https://x.com/k7agar/status/1904972503245799889,yes,no,,no
2025-03-26T12:27:05+00:00,2025-03-26,https://x.com/k7agar/status/1904872735798341686,yes,yes,2,yes
2025-03-24T06:14:46+00:00,2025-03-24,https://x.com/k7agar/status/1904054264563130665,yes,no,,no
2025-03-23T15:10:59+00:00,2025-03-23,https://x.com/k7agar/status/1903826819549462869,yes,yes,,yes
2025-03-22T11:41:33+00:00,2025-03-22,https://x.com/k7agar/status/1903411722834399676,yes,no,,no
2025-03-22T09:07:45+00:00,2025-03-22,https://x.com/k7agar/status/1903373020401750088,yes,no,,no
2025-03-19T11:01:20+00:00,2025-03-19,https://x.com/k7agar/status/1902314441720651781,yes,no,,no
2025-03-18T14:32:42+00:00,2025-03-18,https://x.com/k7agar/status/1902005243103072680,yes,no,,no
2025-03-18T07:06:22+00:00,2025-03-18,https://x.com/k7agar/status/1901892919612866765,yes,no,,no
2025-03-17T05:38:37+00:00,2025-03-17,https://x.com/k7agar/status/1901508451278131376,yes,no,,no
2025-03-16T09:34:54+00:00,2025-03-16,https://x.com/k7agar/status/1901205526039666760,yes,no,,no
2025-03-15T04:32:41+00:00,2025-03-15,https://x.com/k7agar/status/1900767082113065297,yes,yes,3,yes
2025-03-14T14:12:41+00:00,2025-03-14,https://x.com/k7agar/status/1900550654994862503,yes,no,,no
2025-03-14T13:18:57+00:00,2025-03-14,https://x.com/k7agar/status/1900537133535989796,yes,no,,no
2025-03-14T05:36:58+00:00,2025-03-14,https://x.com/k7agar/status/1900420872558829958,yes,no,,no
2025-03-14T05:10:38+00:00,2025-03-14,https://x.com/k7agar/status/1900414245046804741,yes,no,,no
2025-03-13T16:39:53+00:00,2025-03-13,https://x.com/k7agar/status/1900225311121547692,yes,no,,no
2025-03-13T07:48:21+00:00,2025-03-13,https://x.com/k7agar/status/1900091547565383947,yes,no,,no
2025-03-13T06:04:56+00:00,2025-03-13,https://x.com/k7agar/status/1900065520516550713,yes,no,,no
2025-03-11T23:30:48+00:00,2025-03-12,https://x.com/k7agar/status/1899603947855532141,yes,no,,no
2025-03-11T12:48:08+00:00,2025-03-11,https://x.com/k7agar/status/1899442213752598986,yes,no,,no
2025-03-09T05:02:06+00:00,2025-03-09,https://x.com/k7agar/status/1898600158826295625,yes,no,,no
2025-03-06T21:47:50+00:00,2025-03-07,https://x.com/k7agar/status/1897766093713772930,yes,no,,no
2025-03-06T20:29:21+00:00,2025-03-07,https://x.com/k7agar/status/1897746345089532173,yes,yes,,yes
2025-03-06T20:25:44+00:00,2025-03-07,https://x.com/k7agar/status/1897745431972782358,yes,no,,no
2025-03-06T20:21:59+00:00,2025-03-07,https://x.com/k7agar/status/1897744492213813710,yes,no,,no
2025-03-01T17:18:36+00:00,2025-03-01,https://x.com/k7agar/status/1895886401293668489,yes,no,,no
2025-02-28T22:55:33+00:00,2025-03-01,https://x.com/k7agar/status/1895608810917806268,yes,no,,no
2025-02-28T18:29:38+00:00,2025-02-28,https://x.com/k7agar/status/1895541887731413180,yes,no,,no
2025-02-28T16:42:07+00:00,2025-02-28,https://x.com/k7agar/status/1895514833359098330,yes,yes,,yes
2025-02-27T19:09:39+00:00,2025-02-28,https://x.com/k7agar/status/1895189571023053101,yes,no,,no
2025-02-27T13:49:32+00:00,2025-02-27,https://x.com/k7agar/status/1895109010971623569,yes,no,,no
2025-02-26T15:23:22+00:00,2025-02-26,https://x.com/k7agar/status/1894770237771587911,yes,no,,no
2025-02-24T20:56:29+00:00,2025-02-25,https://x.com/k7agar/status/1894129295016300893,yes,no,,no
2025-02-24T15:22:51+00:00,2025-02-24,https://x.com/k7agar/status/1894045333447168377,yes,no,,no
2025-02-24T09:21:41+00:00,2025-02-24,https://x.com/k7agar/status/1893954441633472597,yes,no,,no
2025-02-23T21:45:29+00:00,2025-02-24,https://x.com/k7agar/status/1893779237523304847,yes,no,,no
2025-02-21T22:49:24+00:00,2025-02-22,https://x.com/k7agar/status/1893070544951558624,yes,no,,no
2025-02-21T11:16:55+00:00,2025-02-21,https://x.com/k7agar/status/1892896278226337896,yes,no,,no
2025-02-17T15:30:37+00:00,2025-02-17,https://x.com/k7agar/status/1891510570186113268,yes,no,,no
2025-02-17T13:53:46+00:00,2025-02-17,https://x.com/k7agar/status/1891486196867502206,yes,no,,no
2025-02-17T13:14:08+00:00,2025-02-17,https://x.com/k7agar/status/1891476225274634543,yes,no,,no
2025-02-15T21:02:03+00:00,2025-02-16,https://x.com/k7agar/status/1890869205118996578,yes,yes,,yes
2025-02-14T00:21:21+00:00,2025-02-14,https://x.com/k7agar/status/1890194584287998082,yes,no,,no
2025-02-12T19:36:23+00:00,2025-02-13,https://x.com/k7agar/status/1889760479842611333,yes,no,,no
2025-02-12T12:17:55+00:00,2025-02-12,https://x.com/k7agar/status/1889650136512434536,yes,no,,no
2025-02-08T16:04:28+00:00,2025-02-08,https://x.com/k7agar/status/1888257600388583653,yes,no,,no
2025-02-05T16:51:38+00:00,2025-02-05,https://x.com/k7agar/status/1887182304755523768,yes,no,,no
2025-02-02T19:03:42+00:00,2025-02-03,https://x.com/k7agar/status/1886128379763802219,yes,no,,no
2025-02-01T07:00:45+00:00,2025-02-01,https://x.com/k7agar/status/1885584053086413040,yes,no,,no
2025-01-31T14:41:44+00:00,2025-01-31,https://x.com/k7agar/status/1885337676783800737,yes,no,,no
2025-01-31T11:57:11+00:00,2025-01-31,https://x.com/k7agar/status/1885296264105124089,yes,no,,no
2025-01-31T11:35:01+00:00,2025-01-31,https://x.com/k7agar/status/1885290687228502281,yes,no,,no
2025-01-30T17:53:46+00:00,2025-01-30,https://x.com/k7agar/status/1885023613541290106,yes,no,,no
2025-01-30T17:53:11+00:00,2025-01-30,https://x.com/k7agar/status/1885023466950427078,yes,no,,no
2025-01-26T22:04:59+00:00,2025-01-27,https://x.com/k7agar/status/1883637285566210506,yes,no,,no
2025-01-26T14:45:59+00:00,2025-01-26,https://x.com/k7agar/status/1883526804872536485,yes,no,,no
2025-01-26T14:25:20+00:00,2025-01-26,https://x.com/k7agar/status/1883521610017357933,yes,no,,no
2025-01-26T13:29:57+00:00,2025-01-26,https://x.com/k7agar/status/1883507671627948267,yes,no,,no
2025-01-26T08:27:52+00:00,2025-01-26,https://x.com/k7agar/status/1883431650622935067,yes,no,,no
2025-01-21T21:44:08+00:00,2025-01-22,https://x.com/k7agar/status/1881820097507217619,yes,no,,no
2025-01-21T16:08:02+00:00,2025-01-21,https://x.com/k7agar/status/1881735513994047746,yes,no,,no
2025-01-20T20:06:08+00:00,2025-01-21,https://x.com/k7agar/status/1881433048560103774,yes,no,,no
2025-01-20T12:22:36+00:00,2025-01-20,https://x.com/k7agar/status/1881316395906109578,yes,no,,no
2025-01-19T13:40:53+00:00,2025-01-19,https://x.com/k7agar/status/1880973706564165868,yes,no,,no
2025-01-18T12:26:26+00:00,2025-01-18,https://x.com/k7agar/status/1880592585812820244,yes,yes,,yes
2025-01-17T12:02:29+00:00,2025-01-17,https://x.com/k7agar/status/1880224168408666343,yes,no,,no
2025-01-17T02:44:04+00:00,2025-01-17,https://x.com/k7agar/status/1880083640396484867,yes,no,,no
2025-01-15T03:34:10+00:00,2025-01-15,https://x.com/k7agar/status/1879371473506426988,yes,no,,no
2025-01-14T21:20:27+00:00,2025-01-15,https://x.com/k7agar/status/1879277424627851570,yes,no,,no
2025-01-14T18:17:54+00:00,2025-01-14,https://x.com/k7agar/status/1879231484516839480,yes,no,,no
2025-01-13T13:38:21+00:00,2025-01-13,https://x.com/k7agar/status/1878798744935895115,yes,yes,,yes
2025-01-13T13:35:18+00:00,2025-01-13,https://x.com/k7agar/status/1878797975801250103,yes,yes,,yes
2025-01-13T04:41:58+00:00,2025-01-13,https://x.com/k7agar/status/1878663758991757607,yes,no,,no
2025-01-11T00:23:59+00:00,2025-01-11,https://x.com/k7agar/status/1877874056814293088,yes,no,,no
2025-01-10T18:49:07+00:00,2025-01-11,https://x.com/k7agar/status/1877789786955554871,yes,no,,no
2025-01-10T15:12:49+00:00,2025-01-10,https://x.com/k7agar/status/1877735352531567001,yes,no,,no
2025-01-09T17:17:23+00:00,2025-01-09,https://x.com/k7agar/status/1877404313787551746,yes,no,,no
2025-01-09T16:56:24+00:00,2025-01-09,https://x.com/k7agar/status/1877399031044882541,yes,no,,no
2025-01-09T16:35:22+00:00,2025-01-09,https://x.com/k7agar/status/1877393739225747628,yes,no,,no
2025-01-08T16:10:42+00:00,2025-01-08,https://x.com/k7agar/status/1877025143068729653,yes,no,,no
2025-01-08T16:05:16+00:00,2025-01-08,https://x.com/k7agar/status/1877023775360790697,yes,no,,no
2025-01-08T13:39:31+00:00,2025-01-08,https://x.com/k7agar/status/1876987099577987498,yes,no,,no
2025-01-07T23:19:57+00:00,2025-01-08,https://x.com/k7agar/status/1876770782824542554,yes,no,,no
2025-01-07T20:59:31+00:00,2025-01-08,https://x.com/k7agar/status/1876735438267830523,yes,no,,no
2025-01-07T20:29:36+00:00,2025-01-08,https://x.com/k7agar/status/1876727910058324143,yes,no,,no
2025-01-05T08:44:56+00:00,2025-01-05,https://x.com/k7agar/status/1875825800253235341,yes,no,,no
2025-01-03T22:07:36+00:00,2025-01-04,https://x.com/k7agar/status/1875303023221850171,yes,no,,no
2025-01-03T17:42:25+00:00,2025-01-03,https://x.com/k7agar/status/1875236287076237721,yes,no,,no
2025-01-02T15:32:12+00:00,2025-01-02,https://x.com/k7agar/status/1874841127326773466,yes,no,,no
2025-01-02T14:33:22+00:00,2025-01-02,https://x.com/k7agar/status/1874826320661946865,yes,yes,,yes
2024-12-27T10:38:49+00:00,2024-12-27,https://x.com/k7agar/status/1872592967174881611,yes,no,,no
2024-12-25T12:41:42+00:00,2024-12-25,https://x.com/k7agar/status/1871899117502472675,yes,no,,no
2024-12-16T23:31:11+00:00,2024-12-17,https://x.com/k7agar/status/1868801075962331447,yes,no,,no
2024-12-08T15:28:43+00:00,2024-12-08,https://x.com/k7agar/status/1865780553846558961,yes,yes,,yes
2024-12-08T11:02:30+00:00,2024-12-08,https://x.com/k7agar/status/1865713558191006110,yes,no,,no
2024-12-08T00:16:59+00:00,2024-12-08,https://x.com/k7agar/status/1865551109005386151,yes,no,,no
2024-12-06T12:34:54+00:00,2024-12-06,https://x.com/k7agar/status/1865012036054454412,yes,no,,no
2024-12-04T14:34:09+00:00,2024-12-04,https://x.com/k7agar/status/1864317272355164218,yes,no,,no
2024-12-03T09:52:04+00:00,2024-12-03,https://x.com/k7agar/status/1863883895198060970,yes,no,,no
2024-11-25T22:52:58+00:00,2024-11-26,https://x.com/k7agar/status/1861181310481662167,yes,no,,no
2024-11-25T03:23:42+00:00,2024-11-25,https://x.com/k7agar/status/1860887056928670063,yes,no,,no
2024-11-23T06:09:46+00:00,2024-11-23,https://x.com/k7agar/status/1860204070583304573,yes,no,,no
2024-11-22T23:24:52+00:00,2024-11-23,https://x.com/k7agar/status/1860102174753325435,yes,no,,no
2024-11-20T23:40:44+00:00,2024-11-21,https://x.com/k7agar/status/1859381394872643892,yes,no,,no
2024-11-20T16:31:14+00:00,2024-11-20,https://x.com/k7agar/status/1859273305813041217,yes,no,,no
2024-11-19T21:39:41+00:00,2024-11-20,https://x.com/k7agar/status/1858988540434280522,yes,no,,no
2024-11-19T21:36:17+00:00,2024-11-20,https://x.com/k7agar/status/1858987687853916230,yes,no,,no
2024-11-17T21:11:31+00:00,2024-11-18,https://x.com/k7agar/status/1858256677780549663,yes,no,,no
2024-11-16T09:41:20+00:00,2024-11-16,https://x.com/k7agar/status/1857720599545786868,yes,yes,,yes
2024-11-16T09:39:51+00:00,2024-11-16,https://x.com/k7agar/status/1857720227775262969,yes,yes,2,yes
2024-11-13T18:13:10+00:00,2024-11-13,https://x.com/k7agar/status/1856762242974585001,yes,no,,no
2024-11-11T15:36:38+00:00,2024-11-11,https://x.com/k7agar/status/1855998073807491487,yes,yes,2,yes
2024-11-08T23:41:31+00:00,2024-11-09,https://x.com/k7agar/status/1855032935793279091,yes,no,,no
2024-10-31T13:12:23+00:00,2024-10-31,https://x.com/k7agar/status/1851975505689403474,yes,no,,no
2024-10-31T10:32:06+00:00,2024-10-31,https://x.com/k7agar/status/1851935168979775988,yes,no,,no
2024-10-31T10:09:48+00:00,2024-10-31,https://x.com/k7agar/status/1851929556652847211,yes,no,,no
2024-10-18T05:36:57+00:00,2024-10-18,https://x.com/k7agar/status/1847149848950169671,yes,no,,no
2024-10-16T19:55:00+00:00,2024-10-17,https://x.com/k7agar/status/1846641011319280026,yes,no,,no
2024-10-13T14:17:44+00:00,2024-10-13,https://x.com/k7agar/status/1845468970142376080,yes,no,,no
2024-10-13T14:16:49+00:00,2024-10-13,https://x.com/k7agar/status/1845468740881703035,yes,no,,no
2024-10-09T18:17:02+00:00,2024-10-09,https://x.com/k7agar/status/1844079643084849306,yes,yes,,yes
2024-10-02T20:42:28+00:00,2024-10-03,https://x.com/k7agar/status/1841579524200542235,yes,no,,no
2024-09-25T19:51:53+00:00,2024-09-26,https://x.com/k7agar/status/1839030080770813962,yes,no,,no
2024-09-25T19:47:54+00:00,2024-09-26,https://x.com/k7agar/status/1839029080676859927,yes,no,,no
2024-09-25T17:56:17+00:00,2024-09-25,https://x.com/k7agar/status/1839000991406129279,yes,no,,no
2024-09-23T11:37:04+00:00,2024-09-23,https://x.com/k7agar/status/1838180781719703558,yes,no,,no
2024-09-22T18:32:47+00:00,2024-09-23,https://x.com/k7agar/status/1837923012123021666,yes,no,,no
2024-09-22T13:20:54+00:00,2024-09-22,https://x.com/k7agar/status/1837844523864768856,yes,no,,no
2024-09-21T14:07:47+00:00,2024-09-21,https://x.com/k7agar/status/1837493934257504532,yes,no,,no
2024-09-18T20:10:36+00:00,2024-09-19,https://x.com/k7agar/status/1836498077605335313,yes,no,,no
2024-09-18T14:35:03+00:00,2024-09-18,https://x.com/k7agar/status/1836413630218408035,yes,no,,no
2024-09-14T11:39:04+00:00,2024-09-14,https://x.com/k7agar/status/1834919791049543918,yes,no,,no
2024-09-12T16:45:42+00:00,2024-09-12,https://x.com/k7agar/status/1834272184669229337,yes,no,,no
2024-09-07T08:59:23+00:00,2024-09-07,https://x.com/k7agar/status/1832342891470954751,yes,no,,no
2024-09-05T13:55:39+00:00,2024-09-05,https://x.com/k7agar/status/1831692675210465307,yes,yes,,yes
2024-09-02T22:26:57+00:00,2024-09-03,https://x.com/k7agar/status/1830734184769638641,yes,yes,,yes
2024-09-02T20:46:14+00:00,2024-09-03,https://x.com/k7agar/status/1830708839127359896,yes,no,,no
2024-08-31T19:40:46+00:00,2024-09-01,https://x.com/k7agar/status/1829967587146678732,yes,no,,no
2024-08-25T19:19:55+00:00,2024-08-26,https://x.com/k7agar/status/1827788011112915213,yes,no,,no
2024-08-23T11:41:30+00:00,2024-08-23,https://x.com/k7agar/status/1826947872644067568,yes,no,,no
2024-08-19T20:10:21+00:00,2024-08-20,https://x.com/k7agar/status/1825626379028771141,yes,no,,no
2024-08-19T18:04:53+00:00,2024-08-19,https://x.com/k7agar/status/1825594803175960935,yes,no,,no
2024-08-19T16:43:10+00:00,2024-08-19,https://x.com/k7agar/status/1825574237551165795,yes,no,,no
2024-08-18T10:36:43+00:00,2024-08-18,https://x.com/k7agar/status/1825119629443805391,yes,yes,4,yes
2024-08-17T18:42:48+00:00,2024-08-18,https://x.com/k7agar/status/1824879570572751249,yes,no,,no
2024-08-16T18:52:30+00:00,2024-08-17,https://x.com/k7agar/status/1824519623401779264,yes,no,,no
2024-08-15T22:11:47+00:00,2024-08-16,https://x.com/k7agar/status/1824207383910097169,yes,no,,no
2024-08-15T20:30:34+00:00,2024-08-16,https://x.com/k7agar/status/1824181914401640882,yes,no,,no
2024-08-13T14:20:37+00:00,2024-08-13,https://x.com/k7agar/status/1823364034822860985,yes,no,,no
2024-08-11T19:50:05+00:00,2024-08-12,https://x.com/k7agar/status/1822722174236708973,yes,no,,no
2024-08-09T09:38:59+00:00,2024-08-09,https://x.com/k7agar/status/1821843610310201804,yes,no,,no
2024-08-06T19:01:13+00:00,2024-08-07,https://x.com/k7agar/status/1820897937893073363,yes,no,,no
2024-08-06T17:02:07+00:00,2024-08-06,https://x.com/k7agar/status/1820867966252232946,yes,no,,no
2024-08-03T12:49:56+00:00,2024-08-03,https://x.com/k7agar/status/1819717336406040826,yes,no,,no
2024-08-02T19:50:53+00:00,2024-08-03,https://x.com/k7agar/status/1819460884269609086,yes,no,,no
2024-07-31T20:05:42+00:00,2024-08-01,https://x.com/k7agar/status/1818739835760259161,yes,no,,no
2024-07-30T14:52:51+00:00,2024-07-30,https://x.com/k7agar/status/1818298718438998381,yes,no,,no
2024-07-27T22:25:12+00:00,2024-07-28,https://x.com/k7agar/status/1817325391230517345,yes,no,,no
2024-07-26T16:51:12+00:00,2024-07-26,https://x.com/k7agar/status/1816878949999230988,yes,no,,no
2024-07-20T00:26:51+00:00,2024-07-20,https://x.com/k7agar/status/1814456903335882825,yes,no,,no
2024-07-18T15:38:48+00:00,2024-07-18,https://x.com/k7agar/status/1813961627407974419,yes,no,,no
2024-07-17T15:19:34+00:00,2024-07-17,https://x.com/k7agar/status/1813594398753714657,yes,no,,no
2024-07-17T14:33:06+00:00,2024-07-17,https://x.com/k7agar/status/1813582705982075363,yes,no,,no
2024-07-15T23:59:32+00:00,2024-07-16,https://x.com/k7agar/status/1813000479699337536,yes,no,,no
2024-07-15T12:52:14+00:00,2024-07-15,https://x.com/k7agar/status/1812832544993263921,yes,no,,no
2024-07-14T18:34:52+00:00,2024-07-15,https://x.com/k7agar/status/1812556385638371626,yes,no,,no
2024-07-11T21:52:57+00:00,2024-07-12,https://x.com/k7agar/status/1811519072703574447,yes,no,,no
2024-07-09T14:48:02+00:00,2024-07-09,https://x.com/k7agar/status/1810687361241551156,yes,no,,no
2024-07-09T10:08:29+00:00,2024-07-09,https://x.com/k7agar/status/1810617009672966216,yes,no,,no
2024-07-09T09:52:32+00:00,2024-07-09,https://x.com/k7agar/status/1810612994092499210,yes,no,,no
2024-07-09T08:44:51+00:00,2024-07-09,https://x.com/k7agar/status/1810595962739380518,yes,no,,no
2024-07-08T18:28:22+00:00,2024-07-08,https://x.com/k7agar/status/1810380420128845939,yes,no,,no
2024-07-08T18:07:32+00:00,2024-07-08,https://x.com/k7agar/status/1810375178708463665,yes,no,,no
2024-07-08T17:33:45+00:00,2024-07-08,https://x.com/k7agar/status/1810366678422696175,yes,no,,no
2024-07-08T17:25:56+00:00,2024-07-08,https://x.com/k7agar/status/1810364711856206300,yes,no,,no
2024-07-08T16:55:48+00:00,2024-07-08,https://x.com/k7agar/status/1810357126273052842,yes,no,,no
2024-07-08T01:19:10+00:00,2024-07-08,https://x.com/k7agar/status/1810121414508195878,yes,no,,no
2024-07-07T23:49:13+00:00,2024-07-08,https://x.com/k7agar/status/1810098778319499647,yes,no,,no
2024-07-07T23:00:10+00:00,2024-07-08,https://x.com/k7agar/status/1810086434944262538,yes,no,,no
2024-07-07T22:48:43+00:00,2024-07-08,https://x.com/k7agar/status/1810083554056982616,yes,no,,no
2024-07-07T20:23:06+00:00,2024-07-08,https://x.com/k7agar/status/1810046906858410489,yes,no,,no
2024-07-06T17:27:00+00:00,2024-07-06,https://x.com/k7agar/status/1809640203990024333,yes,no,,no
2024-07-06T15:35:56+00:00,2024-07-06,https://x.com/k7agar/status/1809612253433565619,yes,no,,no
2024-07-05T20:38:43+00:00,2024-07-06,https://x.com/k7agar/status/1809326061101949235,yes,no,,no
2024-07-04T18:57:09+00:00,2024-07-05,https://x.com/k7agar/status/1808938113802072325,yes,no,,no
2024-07-04T17:47:17+00:00,2024-07-04,https://x.com/k7agar/status/1808920529874923652,yes,no,,no
2024-07-03T15:12:17+00:00,2024-07-03,https://x.com/k7agar/status/1808519134595956924,yes,no,,no
2024-07-03T13:05:17+00:00,2024-07-03,https://x.com/k7agar/status/1808487175501074907,yes,no,,no
2024-07-02T13:46:59+00:00,2024-07-02,https://x.com/k7agar/status/1808135283713491281,yes,no,,no
2024-07-02T13:36:34+00:00,2024-07-02,https://x.com/k7agar/status/1808132661963067640,yes,no,,no
2024-07-01T20:35:55+00:00,2024-07-02,https://x.com/k7agar/status/1807875805864702013,yes,no,,no
2024-07-01T10:22:38+00:00,2024-07-01,https://x.com/k7agar/status/1807721466579861768,yes,no,,no
2024-06-30T19:17:54+00:00,2024-07-01,https://x.com/k7agar/status/1807493783447117932,yes,no,,no
2024-06-29T22:19:31+00:00,2024-06-30,https://x.com/k7agar/status/1807177104091410663,yes,no,,no
2024-06-29T19:42:41+00:00,2024-06-30,https://x.com/k7agar/status/1807137632301855157,yes,no,,no
2024-06-28T16:17:57+00:00,2024-06-28,https://x.com/k7agar/status/1806723724114014611,yes,no,,no
2024-06-27T20:09:33+00:00,2024-06-28,https://x.com/k7agar/status/1806419619009155077,yes,no,,no
2024-06-27T15:05:12+00:00,2024-06-27,https://x.com/k7agar/status/1806343025980792898,yes,no,,no
2024-06-23T22:02:01+00:00,2024-06-24,https://x.com/k7agar/status/1804998371519737977,yes,no,,no
2024-06-23T12:22:19+00:00,2024-06-23,https://x.com/k7agar/status/1804852483740606521,yes,no,,no
2024-06-22T22:26:01+00:00,2024-06-23,https://x.com/k7agar/status/1804642022671913387,yes,yes,,yes
2024-06-21T19:40:52+00:00,2024-06-22,https://x.com/k7agar/status/1804238075448422623,yes,no,,no
2024-06-21T18:37:10+00:00,2024-06-22,https://x.com/k7agar/status/1804222043098910752,yes,no,,no
2024-06-21T12:34:33+00:00,2024-06-21,https://x.com/k7agar/status/1804130787379339310,yes,no,,no
2024-06-16T20:23:01+00:00,2024-06-17,https://x.com/k7agar/status/1802436742424789245,yes,no,,no
2024-06-16T20:22:40+00:00,2024-06-17,https://x.com/k7agar/status/1802436654902210853,yes,no,,no
2024-06-16T20:18:13+00:00,2024-06-17,https://x.com/k7agar/status/1802435534394097668,yes,no,,no
2024-06-14T12:06:01+00:00,2024-06-14,https://x.com/k7agar/status/1801586893005418926,yes,no,,no
2024-06-10T22:22:07+00:00,2024-06-11,https://x.com/k7agar/status/1800292388310536643,yes,no,,no
2024-06-10T22:00:01+00:00,2024-06-11,https://x.com/k7agar/status/1800286824528502793,yes,no,,no
2024-06-10T13:31:11+00:00,2024-06-10,https://x.com/k7agar/status/1800158771467133199,yes,no,,no
2024-06-09T13:33:11+00:00,2024-06-09,https://x.com/k7agar/status/1799796887589192139,yes,no,,no
2024-06-08T14:05:07+00:00,2024-06-08,https://x.com/k7agar/status/1799442537020571898,yes,no,,no
2024-05-24T13:54:13+00:00,2024-05-24,https://x.com/k7agar/status/1794003976247263625,yes,no,,no
2024-05-23T12:19:23+00:00,2024-05-23,https://x.com/k7agar/status/1793617720623481310,yes,no,,no
2024-05-23T05:05:05+00:00,2024-05-23,https://x.com/k7agar/status/1793508428096430579,yes,no,,no
2024-05-22T14:57:44+00:00,2024-05-22,https://x.com/k7agar/status/1793295185746501759,yes,no,,no
2024-05-22T12:24:44+00:00,2024-05-22,https://x.com/k7agar/status/1793256679406248118,yes,no,,no
2024-05-20T08:51:13+00:00,2024-05-20,https://x.com/k7agar/status/1792478170828165537,yes,no,,no
2024-05-15T13:10:19+00:00,2024-05-15,https://x.com/k7agar/status/1790731435772616968,yes,no,,no
2024-05-15T02:50:37+00:00,2024-05-15,https://x.com/k7agar/status/1790575483035242631,yes,no,,no
2024-05-14T23:29:04+00:00,2024-05-15,https://x.com/k7agar/status/1790524761694761430,yes,no,,no
2024-05-13T12:01:14+00:00,2024-05-13,https://x.com/k7agar/status/1789989277884940633,yes,no,,no
2024-05-13T07:26:42+00:00,2024-05-13,https://x.com/k7agar/status/1789920187744911553,yes,no,,no
2024-05-11T10:42:07+00:00,2024-05-11,https://x.com/k7agar/status/1789244589703839967,yes,no,,no
2024-04-30T06:18:05+00:00,2024-04-30,https://x.com/k7agar/status/1785191877555495142,yes,no,,no
2024-04-21T07:02:56+00:00,2024-04-21,https://x.com/k7agar/status/1781941672936693908,yes,no,,no
2024-04-15T13:54:22+00:00,2024-04-15,https://x.com/k7agar/status/1779870887119851777,yes,no,,no
2024-04-15T13:45:08+00:00,2024-04-15,https://x.com/k7agar/status/1779868562712092957,yes,no,,no
2024-04-14T13:14:29+00:00,2024-04-14,https://x.com/k7agar/status/1779498461957890450,yes,no,,no
2024-04-09T17:10:24+00:00,2024-04-09,https://x.com/k7agar/status/1777745891928969672,yes,no,,no
2024-04-06T17:28:16+00:00,2024-04-06,https://x.com/k7agar/status/1776663224827453637,yes,no,,no
2024-04-02T13:38:56+00:00,2024-04-02,https://x.com/k7agar/status/1775155961940091077,yes,no,,no
2024-03-29T21:48:21+00:00,2024-03-30,https://x.com/k7agar/status/1773829573740003410,yes,no,,no
2024-03-24T19:07:47+00:00,2024-03-25,https://x.com/k7agar/status/1771977227837505649,yes,yes,,yes
2024-03-24T16:49:56+00:00,2024-03-24,https://x.com/k7agar/status/1771942536858255703,yes,no,,no
2024-03-23T01:34:54+00:00,2024-03-23,https://x.com/k7agar/status/1771349874706980884,yes,no,,no
2024-03-21T15:58:06+00:00,2024-03-21,https://x.com/k7agar/status/1770842330171424914,yes,no,,no
2024-03-19T16:48:05+00:00,2024-03-19,https://x.com/k7agar/status/1770130131006136532,yes,no,,no
2024-03-18T21:37:46+00:00,2024-03-19,https://x.com/k7agar/status/1769840645789655183,yes,no,,no
2024-03-17T19:29:15+00:00,2024-03-18,https://x.com/k7agar/status/1769445916652470445,yes,no,,no
2024-03-15T17:25:10+00:00,2024-03-15,https://x.com/k7agar/status/1768689913271025818,yes,no,,no
2024-03-13T17:35:22+00:00,2024-03-13,https://x.com/k7agar/status/1767967703363440874,yes,yes,,yes
2024-03-09T20:15:19+00:00,2024-03-10,https://x.com/k7agar/status/1766558406045802732,yes,no,,no
2024-03-07T19:17:58+00:00,2024-03-08,https://x.com/k7agar/status/1765819196947021964,yes,no,,no
2024-03-06T21:05:08+00:00,2024-03-07,https://x.com/k7agar/status/1765483777575326102,yes,no,,no
2024-03-06T15:55:40+00:00,2024-03-06,https://x.com/k7agar/status/1765405897575019003,yes,no,,no
2024-03-03T08:09:35+00:00,2024-03-03,https://x.com/k7agar/status/1764201439771922869,yes,no,,no
2024-03-01T10:59:20+00:00,2024-03-01,https://x.com/k7agar/status/1763519385623290253,yes,no,,no
2024-02-21T17:10:03+00:00,2024-02-21,https://x.com/k7agar/status/1760351189508431930,yes,no,,no
2024-02-16T06:43:25+00:00,2024-02-16,https://x.com/k7agar/status/1758381549102281097,yes,no,,no
2024-02-13T13:48:11+00:00,2024-02-13,https://x.com/k7agar/status/1757401281277137226,yes,no,,no
2024-02-01T08:23:25+00:00,2024-02-01,https://x.com/k7agar/status/1752970899563876773,yes,no,,no
2024-01-29T20:51:36+00:00,2024-01-30,https://x.com/k7agar/status/1752072019926290785,yes,no,,no
2024-01-29T06:05:39+00:00,2024-01-29,https://x.com/k7agar/status/1751849066751803628,yes,no,,no
2024-01-28T18:26:14+00:00,2024-01-28,https://x.com/k7agar/status/1751673050045526315,yes,no,,no
2024-01-28T13:23:43+00:00,2024-01-28,https://x.com/k7agar/status/1751596919460380713,yes,no,,no
2024-01-28T11:26:57+00:00,2024-01-28,https://x.com/k7agar/status/1751567535072227590,yes,no,,no
2024-01-26T20:58:53+00:00,2024-01-27,https://x.com/k7agar/status/1750986689000964497,yes,no,,no
2024-01-26T19:48:35+00:00,2024-01-27,https://x.com/k7agar/status/1750969000690057595,yes,no,,no
2024-01-26T16:36:06+00:00,2024-01-26,https://x.com/k7agar/status/1750920559922118842,yes,no,,no
2024-01-25T12:27:39+00:00,2024-01-25,https://x.com/k7agar/status/1750495645041860853,yes,no,,no
2024-01-24T12:46:20+00:00,2024-01-24,https://x.com/k7agar/status/1750137960245108924,yes,no,,no
2024-01-20T08:37:37+00:00,2024-01-20,https://x.com/k7agar/status/1748625818060742764,yes,no,,no
2024-01-18T19:25:58+00:00,2024-01-19,https://x.com/k7agar/status/1748064202596495702,yes,no,,no
2024-01-18T17:26:17+00:00,2024-01-18,https://x.com/k7agar/status/1748034086101274848,yes,no,,no
2024-01-17T17:02:37+00:00,2024-01-17,https://x.com/k7agar/status/1747665739568537838,yes,no,,no
2024-01-15T07:04:58+00:00,2024-01-15,https://x.com/k7agar/status/1746790561934463122,yes,no,,no
2024-01-12T16:16:48+00:00,2024-01-12,https://x.com/k7agar/status/1745842273542344704,yes,no,,no
2024-01-12T06:24:06+00:00,2024-01-12,https://x.com/k7agar/status/1745693114180784299,yes,no,,no
2024-01-10T07:21:00+00:00,2024-01-10,https://x.com/k7agar/status/1744982658621599848,yes,no,,no
2024-01-09T22:07:11+00:00,2024-01-10,https://x.com/k7agar/status/1744843285779337321,yes,no,,no
2023-12-20T11:20:11+00:00,2023-12-20,https://x.com/k7agar/status/1737432703321120829,yes,no,,no
2023-12-17T08:23:45+00:00,2023-12-17,https://x.com/k7agar/status/1736301139283578952,yes,no,,no
2023-12-05T09:44:27+00:00,2023-12-05,https://x.com/k7agar/status/1731972794550771785,yes,yes,,yes
2023-12-05T07:13:03+00:00,2023-12-05,https://x.com/k7agar/status/1731934692838908120,yes,yes,,yes
2023-11-29T16:12:36+00:00,2023-11-29,https://x.com/k7agar/status/1729896147375083844,yes,no,,no
2023-11-26T19:26:31+00:00,2023-11-27,https://x.com/k7agar/status/1728857784358449198,yes,yes,,yes
2023-11-20T02:17:57+00:00,2023-11-20,https://x.com/k7agar/status/1726424610584072678,yes,no,,no
2023-11-18T14:52:49+00:00,2023-11-18,https://x.com/k7agar/status/1725889804682821911,yes,no,,no
2023-11-13T08:12:39+00:00,2023-11-13,https://x.com/k7agar/status/1723977161546043400,yes,no,,no
2023-11-10T17:38:52+00:00,2023-11-10,https://x.com/k7agar/status/1723032487708786708,yes,no,,no
2023-10-07T16:46:06+00:00,2023-10-07,https://x.com/k7agar/status/1710698022685090195,yes,no,,no
2023-10-04T14:12:32+00:00,2023-10-04,https://x.com/k7agar/status/1709572214784483780,yes,no,,no
2023-09-22T13:36:50+00:00,2023-09-22,https://x.com/k7agar/status/1705214574222246255,yes,no,,no
2023-09-22T12:56:45+00:00,2023-09-22,https://x.com/k7agar/status/1705204485365051398,yes,no,,no
2023-09-20T05:13:00+00:00,2023-09-20,https://x.com/k7agar/status/1704363003859111955,yes,no,,no
2023-09-18T12:38:57+00:00,2023-09-18,https://x.com/k7agar/status/1703750456587997321,yes,no,,no
2023-09-17T17:27:43+00:00,2023-09-17,https://x.com/k7agar/status/1703460739787161940,yes,no,,no
2023-09-17T16:47:47+00:00,2023-09-17,https://x.com/k7agar/status/1703450690863915503,yes,no,,no
2023-09-02T15:55:36+00:00,2023-09-02,https://x.com/k7agar/status/1698001738135961885,yes,no,,no
2023-08-27T03:34:38+00:00,2023-08-27,https://x.com/k7agar/status/1695640942185939029,yes,no,,no
2023-08-16T06:09:44+00:00,2023-08-16,https://x.com/k7agar/status/1691693707144343831,yes,no,,no
2023-08-13T13:42:09+00:00,2023-08-13,https://x.com/k7agar/status/1690720397166280704,yes,no,,no
2023-08-12T13:13:43+00:00,2023-08-12,https://x.com/k7agar/status/1690350853729943552,yes,no,,no
2023-08-10T08:22:50+00:00,2023-08-10,https://x.com/k7agar/status/1689552874152382465,yes,yes,,yes
2023-08-06T07:58:24+00:00,2023-08-06,https://x.com/k7agar/status/1688097175392432128,yes,no,,no
2023-07-26T14:39:54+00:00,2023-07-26,https://x.com/k7agar/status/1684211948366209024,yes,no,,no
2023-07-23T10:09:54+00:00,2023-07-23,https://x.com/k7agar/status/1683056837019545600,yes,no,,no
2023-07-17T18:06:58+00:00,2023-07-17,https://x.com/k7agar/status/1681002568502345728,yes,no,,no
2023-06-29T06:32:16+00:00,2023-06-29,https://x.com/k7agar/status/1674304761661906946,yes,no,,no
2023-05-17T14:26:43+00:00,2023-05-17,https://x.com/k7agar/status/1658841479509319687,yes,no,,no
2023-05-17T13:30:30+00:00,2023-05-17,https://x.com/k7agar/status/1658827335469023237,yes,yes,,yes
2023-05-15T18:06:10+00:00,2023-05-15,https://x.com/k7agar/status/1658171933429489680,yes,no,,no
2023-02-06T21:24:22+00:00,2023-02-07,https://x.com/k7agar/status/1622707800093896704,yes,no,,no
2023-01-18T05:49:59+00:00,2023-01-18,https://x.com/k7agar/status/1615587285558497280,yes,yes,,yes
2022-12-05T11:55:38+00:00,2022-12-05,https://x.com/k7agar/status/1599734236940234752,yes,no,,no
2022-11-22T19:16:45+00:00,2022-11-23,https://x.com/k7agar/status/1595134206606467072,yes,no,,no
2022-11-19T19:27:47+00:00,2022-11-20,https://x.com/k7agar/status/1594049817604280321,yes,no,,no
2022-10-28T11:55:39+00:00,2022-10-28,https://x.com/k7agar/status/1585963504728936448,yes,no,,no
2022-10-14T16:26:48+00:00,2022-10-14,https://x.com/k7agar/status/1580958310895087616,yes,no,,no
2022-09-01T17:21:03+00:00,2022-09-01,https://x.com/k7agar/status/1565389283694821376,yes,no,,no
2022-08-30T13:19:24+00:00,2022-08-30,https://x.com/k7agar/status/1564603697136431105,yes,no,,no
2022-08-26T17:01:11+00:00,2022-08-26,https://x.com/k7agar/status/1563209958623088641,yes,no,,no
2022-06-22T13:45:00+00:00,2022-06-22,https://x.com/k7agar/status/1539605372981235712,yes,no,,no
2022-06-12T15:42:16+00:00,2022-06-12,https://x.com/k7agar/status/1536011007247654913,yes,no,,no
2022-05-01T08:15:47+00:00,2022-05-01,https://x.com/k7agar/status/1520678356768878592,yes,no,,no
2022-04-28T15:31:28+00:00,2022-04-28,https://x.com/k7agar/status/1519700833348112385,yes,no,,no
2022-01-13T15:26:31+00:00,2022-01-13,https://x.com/k7agar/status/1481648861781569536,yes,yes,,yes
